{
    "prepare_queue": {
        "installed": [],
        "uninstalled": []
    },
    "config_munge": {
        "files": {
            "config.xml": {
                "parents": {
                    "/*": [
                        {
                            "xml": "<feature name=\"Camera\"><param name=\"browser-package\" value=\"Camera\" /></feature>",
                            "count": 1
                        },
                        {
                            "xml": "<feature name=\"Device\"><param name=\"browser-package\" value=\"Device\" /></feature>",
                            "count": 1
                        }
                    ]
                }
            }
        }
    },
    "installed_plugins": {
        "cordova-plugin-battery-status": {
            "PACKAGE_NAME": "com.ionicframework.mobile681948"
        },
        "cordova-plugin-camera": {
            "PACKAGE_NAME": "com.ionicframework.mobile681948"
        },
        "cordova-plugin-device": {
            "PACKAGE_NAME": "com.ionicframework.mobile681948"
        },
        "cordova-plugin-geolocation": {
            "PACKAGE_NAME": "com.ionicframework.mobile681948"
        },
        "cordova-plugin-network-information": {
            "PACKAGE_NAME": "com.ionicframework.mobile681948"
        },
        "cordova-plugin-splashscreen": {
            "PACKAGE_NAME": "com.ionicframework.mobile681948"
        },
        "cordova-plugin-statusbar": {
            "PACKAGE_NAME": "com.ionicframework.mobile681948"
        },
        "cordova-plugin-whitelist": {
            "PACKAGE_NAME": "com.ionicframework.mobile681948"
        },
        "ionic-plugin-keyboard": {
            "PACKAGE_NAME": "com.ionicframework.mobile681948"
        }
    },
    "dependent_plugins": {},
    "modules": [
        {
            "file": "plugins/cordova-plugin-battery-status/www/battery.js",
            "id": "cordova-plugin-battery-status.battery",
            "pluginId": "cordova-plugin-battery-status",
            "clobbers": [
                "navigator.battery"
            ]
        },
        {
            "file": "plugins/cordova-plugin-battery-status/src/browser/BatteryProxy.js",
            "id": "cordova-plugin-battery-status.Battery",
            "pluginId": "cordova-plugin-battery-status",
            "runs": true
        },
        {
            "file": "plugins/cordova-plugin-camera/www/CameraConstants.js",
            "id": "cordova-plugin-camera.Camera",
            "pluginId": "cordova-plugin-camera",
            "clobbers": [
                "Camera"
            ]
        },
        {
            "file": "plugins/cordova-plugin-camera/www/CameraPopoverOptions.js",
            "id": "cordova-plugin-camera.CameraPopoverOptions",
            "pluginId": "cordova-plugin-camera",
            "clobbers": [
                "CameraPopoverOptions"
            ]
        },
        {
            "file": "plugins/cordova-plugin-camera/www/Camera.js",
            "id": "cordova-plugin-camera.camera",
            "pluginId": "cordova-plugin-camera",
            "clobbers": [
                "navigator.camera"
            ]
        },
        {
            "file": "plugins/cordova-plugin-camera/src/browser/CameraProxy.js",
            "id": "cordova-plugin-camera.CameraProxy",
            "pluginId": "cordova-plugin-camera",
            "runs": true
        },
        {
            "file": "plugins/cordova-plugin-device/www/device.js",
            "id": "cordova-plugin-device.device",
            "pluginId": "cordova-plugin-device",
            "clobbers": [
                "device"
            ]
        },
        {
            "file": "plugins/cordova-plugin-device/src/browser/DeviceProxy.js",
            "id": "cordova-plugin-device.DeviceProxy",
            "pluginId": "cordova-plugin-device",
            "runs": true
        },
        {
            "file": "plugins/cordova-plugin-network-information/www/network.js",
            "id": "cordova-plugin-network-information.network",
            "pluginId": "cordova-plugin-network-information",
            "clobbers": [
                "navigator.connection",
                "navigator.network.connection"
            ]
        },
        {
            "file": "plugins/cordova-plugin-network-information/www/Connection.js",
            "id": "cordova-plugin-network-information.Connection",
            "pluginId": "cordova-plugin-network-information",
            "clobbers": [
                "Connection"
            ]
        },
        {
            "file": "plugins/cordova-plugin-network-information/src/browser/network.js",
            "id": "cordova-plugin-network-information.NetworkInfoProxy",
            "pluginId": "cordova-plugin-network-information",
            "runs": true
        },
        {
            "file": "plugins/cordova-plugin-splashscreen/www/splashscreen.js",
            "id": "cordova-plugin-splashscreen.SplashScreen",
            "pluginId": "cordova-plugin-splashscreen",
            "clobbers": [
                "navigator.splashscreen"
            ]
        },
        {
            "file": "plugins/cordova-plugin-splashscreen/src/browser/SplashScreenProxy.js",
            "id": "cordova-plugin-splashscreen.SplashScreenProxy",
            "pluginId": "cordova-plugin-splashscreen",
            "runs": true
        },
        {
            "file": "plugins/cordova-plugin-statusbar/www/statusbar.js",
            "id": "cordova-plugin-statusbar.statusbar",
            "pluginId": "cordova-plugin-statusbar",
            "clobbers": [
                "window.StatusBar"
            ]
        },
        {
            "file": "plugins/cordova-plugin-statusbar/src/browser/StatusBarProxy.js",
            "id": "cordova-plugin-statusbar.StatusBarProxy",
            "pluginId": "cordova-plugin-statusbar",
            "runs": true
        },
        {
            "file": "plugins/ionic-plugin-keyboard/www/browser/keyboard.js",
            "id": "ionic-plugin-keyboard.keyboard",
            "pluginId": "ionic-plugin-keyboard",
            "clobbers": [
                "cordova.plugins.Keyboard"
            ],
            "runs": true
        }
    ],
    "plugin_metadata": {
        "cordova-plugin-battery-status": "2.0.2",
        "cordova-plugin-camera": "4.0.3",
        "cordova-plugin-device": "1.1.4",
        "cordova-plugin-geolocation": "4.0.1",
        "cordova-plugin-network-information": "2.0.1",
        "cordova-plugin-splashscreen": "4.0.3",
        "cordova-plugin-statusbar": "2.2.1",
        "cordova-plugin-whitelist": "1.3.1",
        "ionic-plugin-keyboard": "2.2.1"
    }
}